{"_class":"page","do_objectID":"0EC89917-F949-4461-A7B3-32A5201FD2A2","booleanOperation":0,"isFixedToViewport":false,"isFlippedHorizontal":false,"isFlippedVertical":false,"isLocked":false,"isVisible":true,"layerListExpandedType":0,"name":"Homescreen Landscape","nameIsFixed":false,"resizingConstraint":0,"resizingType":0,"rotation":0,"shouldBreakMaskChain":false,"userInfo":{},"exportOptions":{"_class":"exportOptions","includedLayerIds":[],"layerOptions":0,"shouldTrim":false,"exportFormats":[]},"frame":{"_class":"rect","constrainProportions":true,"height":0,"width":0,"x":0,"y":0},"clippingMaskMode":0,"hasClippingMask":false,"style":{"_class":"style","do_objectID":"6C754548-979D-4AED-8DEC-1A4B1E084D2B","endMarkerType":0,"miterLimit":10,"startMarkerType":0,"windingRule":1,"blur":{"_class":"blur","isEnabled":false,"center":"{0.5, 0.5}","motionAngle":0,"radius":10,"saturation":1,"type":0},"borderOptions":{"_class":"borderOptions","isEnabled":true,"dashPattern":[],"lineCapStyle":0,"lineJoinStyle":0},"borders":[],"colorControls":{"_class":"colorControls","isEnabled":false,"brightness":0,"contrast":1,"hue":0,"saturation":1},"contextSettings":{"_class":"graphicsContextSettings","blendMode":0,"opacity":1},"fills":[],"innerShadows":[],"shadows":[]},"hasClickThrough":true,"groupLayout":{"_class":"MSImmutableFreeformGroupLayout"},"layers":[{"_class":"artboard","do_objectID":"0EDED105-B9E7-4D74-A883-54570E40FB57","booleanOperation":-1,"isFixedToViewport":false,"isFlippedHorizontal":false,"isFlippedVertical":false,"isLocked":false,"isVisible":true,"layerListExpandedType":0,"name":"iOS \/ Homescreen \/ 1.7 Landscape Multiple Events \/ 1.4.4","nameIsFixed":false,"resizingConstraint":63,"resizingType":0,"rotation":0,"shouldBreakMaskChain":true,"exportOptions":{"_class":"exportOptions","includedLayerIds":[],"layerOptions":0,"shouldTrim":false,"exportFormats":[]},"frame":{"_class":"rect","constrainProportions":false,"height":375,"width":667,"x":1959,"y":-1243},"clippingMaskMode":0,"hasClippingMask":false,"style":{"_class":"style","do_objectID":"A5280557-E65F-4046-BB96-F928F339FB3C","endMarkerType":0,"miterLimit":10,"startMarkerType":0,"windingRule":1,"blur":{"_class":"blur","isEnabled":false,"center":"{0.5, 0.5}","motionAngle":0,"radius":10,"saturation":1,"type":0},"borderOptions":{"_class":"borderOptions","isEnabled":true,"dashPattern":[],"lineCapStyle":0,"lineJoinStyle":0},"borders":[],"colorControls":{"_class":"colorControls","isEnabled":false,"brightness":0,"contrast":1,"hue":0,"saturation":1},"contextSettings":{"_class":"graphicsContextSettings","blendMode":0,"opacity":1},"fills":[],"innerShadows":[],"shadows":[]},"hasClickThrough":true,"groupLayout":{"_class":"MSImmutableFreeformGroupLayout"},"layers":[{"_class":"bitmap","do_objectID":"0C320E66-6E3A-41BE-B061-EEF16F312135","booleanOperation":-1,"isFixedToViewport":false,"isFlippedHorizontal":false,"isFlippedVertical":false,"isLocked":false,"isVisible":true,"layerListExpandedType":0,"name":"0262_Retrospective_View_MultipleEvents","nameIsFixed":false,"resizingConstraint":63,"resizingType":0,"rotation":0,"shouldBreakMaskChain":false,"exportOptions":{"_class":"exportOptions","includedLayerIds":[],"layerOptions":0,"shouldTrim":false,"exportFormats":[]},"frame":{"_class":"rect","constrainProportions":true,"height":375,"width":666.6666666666666,"x":-2.103206497849897e-12,"y":0},"clippingMaskMode":0,"hasClippingMask":false,"style":{"_class":"style","do_objectID":"32ED22F3-3615-46A2-805A-6A76A57DFE0E","endMarkerType":0,"miterLimit":10,"startMarkerType":0,"windingRule":1,"blur":{"_class":"blur","isEnabled":false,"center":"{0.5, 0.5}","motionAngle":0,"radius":10,"saturation":1,"type":0},"borderOptions":{"_class":"borderOptions","isEnabled":true,"dashPattern":[],"lineCapStyle":0,"lineJoinStyle":0},"borders":[],"colorControls":{"_class":"colorControls","isEnabled":false,"brightness":0,"contrast":1,"hue":0,"saturation":1},"contextSettings":{"_class":"graphicsContextSettings","blendMode":0,"opacity":1},"fills":[],"innerShadows":[],"shadows":[]},"clippingMask":"{{0, 0}, {1, 1}}","fillReplacesImage":false,"image":{"_class":"MSJSONFileReference","_ref_class":"MSImageData","_ref":"images\/4dc52afc2a7429be2b2d0b1981b35f169ffc7981.png"},"intendedDPI":72}],"hasBackgroundColor":false,"includeBackgroundColorInExport":true,"includeInCloudUpload":true,"isFlowHome":false,"presetDictionary":{},"resizesContent":false,"backgroundColor":{"_class":"color","alpha":1,"blue":1,"green":1,"red":1},"horizontalRulerData":{"_class":"rulerData","base":0,"guides":[]},"verticalRulerData":{"_class":"rulerData","base":0,"guides":[]}},{"_class":"artboard","do_objectID":"B8A2C5C9-826A-4B59-9A6B-E34C9E28171C","booleanOperation":-1,"isFixedToViewport":false,"isFlippedHorizontal":false,"isFlippedVertical":false,"isLocked":false,"isVisible":true,"layerListExpandedType":0,"name":"iOS \/ Homescreen \/ 1.6 Landscape 24Hr Events \/ 1.4.4","nameIsFixed":false,"resizingConstraint":63,"resizingType":0,"rotation":0,"shouldBreakMaskChain":true,"exportOptions":{"_class":"exportOptions","includedLayerIds":[],"layerOptions":0,"shouldTrim":false,"exportFormats":[]},"frame":{"_class":"rect","constrainProportions":false,"height":375,"width":668,"x":1191,"y":-1243},"clippingMaskMode":0,"hasClippingMask":false,"style":{"_class":"style","do_objectID":"2C283C91-A60D-48B0-B7E0-0CD6816D68B8","endMarkerType":0,"miterLimit":10,"startMarkerType":0,"windingRule":1,"blur":{"_class":"blur","isEnabled":false,"center":"{0.5, 0.5}","motionAngle":0,"radius":10,"saturation":1,"type":0},"borderOptions":{"_class":"borderOptions","isEnabled":true,"dashPattern":[],"lineCapStyle":0,"lineJoinStyle":0},"borders":[],"colorControls":{"_class":"colorControls","isEnabled":false,"brightness":0,"contrast":1,"hue":0,"saturation":1},"contextSettings":{"_class":"graphicsContextSettings","blendMode":0,"opacity":1},"fills":[],"innerShadows":[],"shadows":[]},"hasClickThrough":true,"groupLayout":{"_class":"MSImmutableFreeformGroupLayout"},"layers":[{"_class":"bitmap","do_objectID":"40984FC8-A3D7-4431-9E28-67D2AD1B1019","booleanOperation":-1,"isFixedToViewport":false,"isFlippedHorizontal":false,"isFlippedVertical":false,"isLocked":false,"isVisible":true,"layerListExpandedType":0,"name":"0261_Retrospective_View_WithEvents","nameIsFixed":false,"resizingConstraint":63,"resizingType":0,"rotation":0,"shouldBreakMaskChain":false,"exportOptions":{"_class":"exportOptions","includedLayerIds":[],"layerOptions":0,"shouldTrim":false,"exportFormats":[]},"frame":{"_class":"rect","constrainProportions":true,"height":375,"width":666.6666666666666,"x":0.6666666666646393,"y":0},"clippingMaskMode":0,"hasClippingMask":false,"style":{"_class":"style","do_objectID":"30A9FC2C-7B3D-4DC1-B496-AC21378AD4B6","endMarkerType":0,"miterLimit":10,"startMarkerType":0,"windingRule":1,"blur":{"_class":"blur","isEnabled":false,"center":"{0.5, 0.5}","motionAngle":0,"radius":10,"saturation":1,"type":0},"borderOptions":{"_class":"borderOptions","isEnabled":true,"dashPattern":[],"lineCapStyle":0,"lineJoinStyle":0},"borders":[],"colorControls":{"_class":"colorControls","isEnabled":false,"brightness":0,"contrast":1,"hue":0,"saturation":1},"contextSettings":{"_class":"graphicsContextSettings","blendMode":0,"opacity":1},"fills":[],"innerShadows":[],"shadows":[]},"clippingMask":"{{0, 0}, {1, 1}}","fillReplacesImage":false,"image":{"_class":"MSJSONFileReference","_ref_class":"MSImageData","_ref":"images\/441c77a0e9514aacf3e5c83c508aef24cf838a7c.png"},"intendedDPI":72}],"hasBackgroundColor":false,"includeBackgroundColorInExport":true,"includeInCloudUpload":true,"isFlowHome":false,"presetDictionary":{},"resizesContent":false,"backgroundColor":{"_class":"color","alpha":1,"blue":1,"green":1,"red":1},"horizontalRulerData":{"_class":"rulerData","base":0,"guides":[]},"verticalRulerData":{"_class":"rulerData","base":0,"guides":[]}},{"_class":"artboard","do_objectID":"F0C73964-0EE9-435F-B596-D246AEE1C9D1","booleanOperation":-1,"isFixedToViewport":false,"isFlippedHorizontal":false,"isFlippedVertical":false,"isLocked":false,"isVisible":true,"layerListExpandedType":0,"name":"iOS \/ Homescreen \/ 1.4 Landscape 1Hr Blank \/ 1.4.4","nameIsFixed":false,"resizingConstraint":63,"resizingType":0,"rotation":0,"shouldBreakMaskChain":true,"exportOptions":{"_class":"exportOptions","includedLayerIds":[],"layerOptions":0,"shouldTrim":false,"exportFormats":[]},"frame":{"_class":"rect","constrainProportions":false,"height":375,"width":668,"x":-343,"y":-1243},"clippingMaskMode":0,"hasClippingMask":false,"style":{"_class":"style","do_objectID":"37BD59EB-FB0A-42B8-AF77-7DF62C6E4085","endMarkerType":0,"miterLimit":10,"startMarkerType":0,"windingRule":1,"blur":{"_class":"blur","isEnabled":false,"center":"{0.5, 0.5}","motionAngle":0,"radius":10,"saturation":1,"type":0},"borderOptions":{"_class":"borderOptions","isEnabled":true,"dashPattern":[],"lineCapStyle":0,"lineJoinStyle":0},"borders":[],"colorControls":{"_class":"colorControls","isEnabled":false,"brightness":0,"contrast":1,"hue":0,"saturation":1},"contextSettings":{"_class":"graphicsContextSettings","blendMode":0,"opacity":1},"fills":[],"innerShadows":[],"shadows":[]},"hasClickThrough":true,"groupLayout":{"_class":"MSImmutableFreeformGroupLayout"},"layers":[{"_class":"bitmap","do_objectID":"22CCEC84-8FF4-4DF0-AD7B-7A8FA0D3706E","booleanOperation":-1,"isFixedToViewport":false,"isFlippedHorizontal":false,"isFlippedVertical":false,"isLocked":false,"isVisible":true,"layerListExpandedType":0,"name":"1.0 Landscape 24Hr Blank","nameIsFixed":true,"resizingConstraint":63,"resizingType":0,"rotation":0,"shouldBreakMaskChain":false,"exportOptions":{"_class":"exportOptions","includedLayerIds":[],"layerOptions":0,"shouldTrim":false,"exportFormats":[]},"frame":{"_class":"rect","constrainProportions":true,"height":375,"width":666.6666666666666,"x":0.6666666666621381,"y":0},"clippingMaskMode":0,"hasClippingMask":false,"style":{"_class":"style","do_objectID":"33E0F0CB-A3BE-4E06-B9A3-4EEAC622F7E1","endMarkerType":0,"miterLimit":10,"startMarkerType":0,"windingRule":1,"blur":{"_class":"blur","isEnabled":false,"center":"{0.5, 0.5}","motionAngle":0,"radius":10,"saturation":1,"type":0},"borderOptions":{"_class":"borderOptions","isEnabled":true,"dashPattern":[],"lineCapStyle":0,"lineJoinStyle":0},"borders":[],"colorControls":{"_class":"colorControls","isEnabled":false,"brightness":0,"contrast":1,"hue":0,"saturation":1},"contextSettings":{"_class":"graphicsContextSettings","blendMode":0,"opacity":1},"fills":[],"innerShadows":[],"shadows":[]},"clippingMask":"{{0, 0}, {1, 1}}","fillReplacesImage":false,"image":{"_class":"MSJSONFileReference","_ref_class":"MSImageData","_ref":"images\/bd162333cea9687db6417c70a22aee058db8d13e.png"},"intendedDPI":72}],"hasBackgroundColor":false,"includeBackgroundColorInExport":true,"includeInCloudUpload":true,"isFlowHome":false,"presetDictionary":{},"resizesContent":false,"backgroundColor":{"_class":"color","alpha":1,"blue":1,"green":1,"red":1},"horizontalRulerData":{"_class":"rulerData","base":0,"guides":[]},"verticalRulerData":{"_class":"rulerData","base":0,"guides":[]}},{"_class":"artboard","do_objectID":"6FCEA720-D3F5-4052-94BD-5FF75D3426B8","booleanOperation":-1,"isFixedToViewport":false,"isFlippedHorizontal":false,"isFlippedVertical":false,"isLocked":false,"isVisible":true,"layerListExpandedType":0,"name":"iOS \/ Homescreen \/ 1.0 Landscape 24Hr Blank \/ 1.4.4","nameIsFixed":false,"resizingConstraint":63,"resizingType":0,"rotation":0,"shouldBreakMaskChain":true,"exportOptions":{"_class":"exportOptions","includedLayerIds":[],"layerOptions":0,"shouldTrim":false,"exportFormats":[]},"frame":{"_class":"rect","constrainProportions":false,"height":375,"width":667,"x":-3409,"y":-1243},"clippingMaskMode":0,"hasClippingMask":false,"style":{"_class":"style","do_objectID":"C8E162CA-0B1B-42C5-B9F0-6D13B48D688D","endMarkerType":0,"miterLimit":10,"startMarkerType":0,"windingRule":1,"blur":{"_class":"blur","isEnabled":false,"center":"{0.5, 0.5}","motionAngle":0,"radius":10,"saturation":1,"type":0},"borderOptions":{"_class":"borderOptions","isEnabled":true,"dashPattern":[],"lineCapStyle":0,"lineJoinStyle":0},"borders":[],"colorControls":{"_class":"colorControls","isEnabled":false,"brightness":0,"contrast":1,"hue":0,"saturation":1},"contextSettings":{"_class":"graphicsContextSettings","blendMode":0,"opacity":1},"fills":[],"innerShadows":[],"shadows":[]},"hasClickThrough":true,"groupLayout":{"_class":"MSImmutableFreeformGroupLayout"},"layers":[{"_class":"bitmap","do_objectID":"6F6BB662-2E2E-4F1D-BCA7-B563E4847700","booleanOperation":-1,"isFixedToViewport":false,"isFlippedHorizontal":false,"isFlippedVertical":false,"isLocked":false,"isVisible":true,"layerListExpandedType":0,"name":"0256_Retrospective_View_24Hr","nameIsFixed":false,"resizingConstraint":63,"resizingType":0,"rotation":0,"shouldBreakMaskChain":false,"exportOptions":{"_class":"exportOptions","includedLayerIds":[],"layerOptions":0,"shouldTrim":false,"exportFormats":[]},"frame":{"_class":"rect","constrainProportions":true,"height":375,"width":666.6666666666666,"x":-3.012701199622825e-12,"y":0},"clippingMaskMode":0,"hasClippingMask":false,"style":{"_class":"style","do_objectID":"36E61884-28DB-48FC-B899-C8AD8D81AE5F","endMarkerType":0,"miterLimit":10,"startMarkerType":0,"windingRule":1,"blur":{"_class":"blur","isEnabled":false,"center":"{0.5, 0.5}","motionAngle":0,"radius":10,"saturation":1,"type":0},"borderOptions":{"_class":"borderOptions","isEnabled":true,"dashPattern":[],"lineCapStyle":0,"lineJoinStyle":0},"borders":[],"colorControls":{"_class":"colorControls","isEnabled":false,"brightness":0,"contrast":1,"hue":0,"saturation":1},"contextSettings":{"_class":"graphicsContextSettings","blendMode":0,"opacity":1},"fills":[],"innerShadows":[],"shadows":[]},"clippingMask":"{{0, 0}, {1, 1}}","fillReplacesImage":false,"image":{"_class":"MSJSONFileReference","_ref_class":"MSImageData","_ref":"images\/f050277155244423017591f0dc263852654eff40.png"},"intendedDPI":72}],"hasBackgroundColor":false,"includeBackgroundColorInExport":true,"includeInCloudUpload":true,"isFlowHome":false,"presetDictionary":{},"resizesContent":false,"backgroundColor":{"_class":"color","alpha":1,"blue":1,"green":1,"red":1},"horizontalRulerData":{"_class":"rulerData","base":0,"guides":[]},"verticalRulerData":{"_class":"rulerData","base":0,"guides":[]}},{"_class":"artboard","do_objectID":"942CE27D-5B14-44AC-A41B-2242E4DFF0A7","booleanOperation":-1,"isFixedToViewport":false,"isFlippedHorizontal":false,"isFlippedVertical":false,"isLocked":false,"isVisible":true,"layerListExpandedType":0,"name":"iOS \/ Homescreen \/ 1.1 Landscape 12Hr Blank \/ 1.4.4","nameIsFixed":false,"resizingConstraint":63,"resizingType":0,"rotation":0,"shouldBreakMaskChain":true,"exportOptions":{"_class":"exportOptions","includedLayerIds":[],"layerOptions":0,"shouldTrim":false,"exportFormats":[]},"frame":{"_class":"rect","constrainProportions":false,"height":375,"width":668,"x":-2643,"y":-1243},"clippingMaskMode":0,"hasClippingMask":false,"style":{"_class":"style","do_objectID":"0DF84E20-36F0-40ED-9E2C-3FE85ADD8325","endMarkerType":0,"miterLimit":10,"startMarkerType":0,"windingRule":1,"blur":{"_class":"blur","isEnabled":false,"center":"{0.5, 0.5}","motionAngle":0,"radius":10,"saturation":1,"type":0},"borderOptions":{"_class":"borderOptions","isEnabled":true,"dashPattern":[],"lineCapStyle":0,"lineJoinStyle":0},"borders":[],"colorControls":{"_class":"colorControls","isEnabled":false,"brightness":0,"contrast":1,"hue":0,"saturation":1},"contextSettings":{"_class":"graphicsContextSettings","blendMode":0,"opacity":1},"fills":[],"innerShadows":[],"shadows":[]},"hasClickThrough":true,"groupLayout":{"_class":"MSImmutableFreeformGroupLayout"},"layers":[{"_class":"bitmap","do_objectID":"8BA41211-ADAD-4898-A1EF-B0F3B994BE71","booleanOperation":-1,"isFixedToViewport":false,"isFlippedHorizontal":false,"isFlippedVertical":false,"isLocked":false,"isVisible":true,"layerListExpandedType":0,"name":"0255_Retrospective_View_12Hr","nameIsFixed":false,"resizingConstraint":63,"resizingType":0,"rotation":0,"shouldBreakMaskChain":false,"exportOptions":{"_class":"exportOptions","includedLayerIds":[],"layerOptions":0,"shouldTrim":false,"exportFormats":[]},"frame":{"_class":"rect","constrainProportions":true,"height":375,"width":666.6666666666666,"x":0.6666666666630476,"y":0},"clippingMaskMode":0,"hasClippingMask":false,"style":{"_class":"style","do_objectID":"63A15DFF-419F-4ABA-B0C5-037431A05934","endMarkerType":0,"miterLimit":10,"startMarkerType":0,"windingRule":1,"blur":{"_class":"blur","isEnabled":false,"center":"{0.5, 0.5}","motionAngle":0,"radius":10,"saturation":1,"type":0},"borderOptions":{"_class":"borderOptions","isEnabled":true,"dashPattern":[],"lineCapStyle":0,"lineJoinStyle":0},"borders":[],"colorControls":{"_class":"colorControls","isEnabled":false,"brightness":0,"contrast":1,"hue":0,"saturation":1},"contextSettings":{"_class":"graphicsContextSettings","blendMode":0,"opacity":1},"fills":[],"innerShadows":[],"shadows":[]},"clippingMask":"{{0, 0}, {1, 1}}","fillReplacesImage":false,"image":{"_class":"MSJSONFileReference","_ref_class":"MSImageData","_ref":"images\/24cd25a57e63dc28f816c9ff7f07f42f45c55236.png"},"intendedDPI":72}],"hasBackgroundColor":false,"includeBackgroundColorInExport":true,"includeInCloudUpload":true,"isFlowHome":false,"presetDictionary":{},"resizesContent":false,"backgroundColor":{"_class":"color","alpha":1,"blue":1,"green":1,"red":1},"horizontalRulerData":{"_class":"rulerData","base":0,"guides":[]},"verticalRulerData":{"_class":"rulerData","base":0,"guides":[]}},{"_class":"artboard","do_objectID":"99461D16-D73A-47D0-9448-E5AA5903790D","booleanOperation":-1,"isFixedToViewport":false,"isFlippedHorizontal":false,"isFlippedVertical":false,"isLocked":false,"isVisible":true,"layerListExpandedType":0,"name":"iOS \/ Homescreen \/ 1.2 Landscape 6Hr Blank \/ 1.4.4","nameIsFixed":false,"resizingConstraint":63,"resizingType":0,"rotation":0,"shouldBreakMaskChain":true,"exportOptions":{"_class":"exportOptions","includedLayerIds":[],"layerOptions":0,"shouldTrim":false,"exportFormats":[]},"frame":{"_class":"rect","constrainProportions":false,"height":375,"width":667,"x":-1876,"y":-1243},"clippingMaskMode":0,"hasClippingMask":false,"style":{"_class":"style","do_objectID":"0DE129A4-7513-4A04-8738-1DCBD0A7311A","endMarkerType":0,"miterLimit":10,"startMarkerType":0,"windingRule":1,"blur":{"_class":"blur","isEnabled":false,"center":"{0.5, 0.5}","motionAngle":0,"radius":10,"saturation":1,"type":0},"borderOptions":{"_class":"borderOptions","isEnabled":true,"dashPattern":[],"lineCapStyle":0,"lineJoinStyle":0},"borders":[],"colorControls":{"_class":"colorControls","isEnabled":false,"brightness":0,"contrast":1,"hue":0,"saturation":1},"contextSettings":{"_class":"graphicsContextSettings","blendMode":0,"opacity":1},"fills":[],"innerShadows":[],"shadows":[]},"hasClickThrough":true,"groupLayout":{"_class":"MSImmutableFreeformGroupLayout"},"layers":[{"_class":"bitmap","do_objectID":"8A6DA804-35B0-44CA-AB94-A971F73246DC","booleanOperation":-1,"isFixedToViewport":false,"isFlippedHorizontal":false,"isFlippedVertical":false,"isLocked":false,"isVisible":true,"layerListExpandedType":0,"name":"0254_Retrospective_View_6Hr","nameIsFixed":false,"resizingConstraint":63,"resizingType":0,"rotation":0,"shouldBreakMaskChain":false,"exportOptions":{"_class":"exportOptions","includedLayerIds":[],"layerOptions":0,"shouldTrim":false,"exportFormats":[]},"frame":{"_class":"rect","constrainProportions":true,"height":375,"width":666.6666666666666,"x":0.333333333329108,"y":0},"clippingMaskMode":0,"hasClippingMask":false,"style":{"_class":"style","do_objectID":"FB3C5427-F043-4DD9-AE26-DC4116C6C2EA","endMarkerType":0,"miterLimit":10,"startMarkerType":0,"windingRule":1,"blur":{"_class":"blur","isEnabled":false,"center":"{0.5, 0.5}","motionAngle":0,"radius":10,"saturation":1,"type":0},"borderOptions":{"_class":"borderOptions","isEnabled":true,"dashPattern":[],"lineCapStyle":0,"lineJoinStyle":0},"borders":[],"colorControls":{"_class":"colorControls","isEnabled":false,"brightness":0,"contrast":1,"hue":0,"saturation":1},"contextSettings":{"_class":"graphicsContextSettings","blendMode":0,"opacity":1},"fills":[],"innerShadows":[],"shadows":[]},"clippingMask":"{{0, 0}, {1, 1}}","fillReplacesImage":false,"image":{"_class":"MSJSONFileReference","_ref_class":"MSImageData","_ref":"images\/fab547c133b14f9831ffe1b52134fae6a5cef66e.png"},"intendedDPI":72}],"hasBackgroundColor":false,"includeBackgroundColorInExport":true,"includeInCloudUpload":true,"isFlowHome":false,"presetDictionary":{},"resizesContent":false,"backgroundColor":{"_class":"color","alpha":1,"blue":1,"green":1,"red":1},"horizontalRulerData":{"_class":"rulerData","base":0,"guides":[]},"verticalRulerData":{"_class":"rulerData","base":0,"guides":[]}},{"_class":"artboard","do_objectID":"327919AD-E002-449D-A01B-68C01A1D6FE1","booleanOperation":-1,"isFixedToViewport":false,"isFlippedHorizontal":false,"isFlippedVertical":false,"isLocked":false,"isVisible":true,"layerListExpandedType":0,"name":"iOS \/ Homescreen \/ 1.3 Landscape 3Hr Blank \/ 1.4.4","nameIsFixed":false,"resizingConstraint":63,"resizingType":0,"rotation":0,"shouldBreakMaskChain":true,"exportOptions":{"_class":"exportOptions","includedLayerIds":[],"layerOptions":0,"shouldTrim":false,"exportFormats":[]},"frame":{"_class":"rect","constrainProportions":false,"height":375,"width":667,"x":-1109,"y":-1243},"clippingMaskMode":0,"hasClippingMask":false,"style":{"_class":"style","do_objectID":"6724CB67-4659-4BC8-B4CD-108335B76BEF","endMarkerType":0,"miterLimit":10,"startMarkerType":0,"windingRule":1,"blur":{"_class":"blur","isEnabled":false,"center":"{0.5, 0.5}","motionAngle":0,"radius":10,"saturation":1,"type":0},"borderOptions":{"_class":"borderOptions","isEnabled":true,"dashPattern":[],"lineCapStyle":0,"lineJoinStyle":0},"borders":[],"colorControls":{"_class":"colorControls","isEnabled":false,"brightness":0,"contrast":1,"hue":0,"saturation":1},"contextSettings":{"_class":"graphicsContextSettings","blendMode":0,"opacity":1},"fills":[],"innerShadows":[],"shadows":[]},"hasClickThrough":true,"groupLayout":{"_class":"MSImmutableFreeformGroupLayout"},"layers":[{"_class":"bitmap","do_objectID":"1BDCEAB0-2FF9-4739-9B6F-E13AEEEA3572","booleanOperation":-1,"isFixedToViewport":false,"isFlippedHorizontal":false,"isFlippedVertical":false,"isLocked":false,"isVisible":true,"layerListExpandedType":0,"name":"0253_Retrospective_View_3Hr","nameIsFixed":false,"resizingConstraint":63,"resizingType":0,"rotation":0,"shouldBreakMaskChain":false,"exportOptions":{"_class":"exportOptions","includedLayerIds":[],"layerOptions":0,"shouldTrim":false,"exportFormats":[]},"frame":{"_class":"rect","constrainProportions":true,"height":375,"width":666.6666666666666,"x":-4.831690603168681e-12,"y":0},"clippingMaskMode":0,"hasClippingMask":false,"style":{"_class":"style","do_objectID":"DA00BE85-B9BC-4DA0-A4C3-4A9417F921E1","endMarkerType":0,"miterLimit":10,"startMarkerType":0,"windingRule":1,"blur":{"_class":"blur","isEnabled":false,"center":"{0.5, 0.5}","motionAngle":0,"radius":10,"saturation":1,"type":0},"borderOptions":{"_class":"borderOptions","isEnabled":true,"dashPattern":[],"lineCapStyle":0,"lineJoinStyle":0},"borders":[],"colorControls":{"_class":"colorControls","isEnabled":false,"brightness":0,"contrast":1,"hue":0,"saturation":1},"contextSettings":{"_class":"graphicsContextSettings","blendMode":0,"opacity":1},"fills":[],"innerShadows":[],"shadows":[]},"clippingMask":"{{0, 0}, {1, 1}}","fillReplacesImage":false,"image":{"_class":"MSJSONFileReference","_ref_class":"MSImageData","_ref":"images\/a8da160da16b99b95773c5a2f6e545c967786431.png"},"intendedDPI":72}],"hasBackgroundColor":false,"includeBackgroundColorInExport":true,"includeInCloudUpload":true,"isFlowHome":false,"presetDictionary":{},"resizesContent":false,"backgroundColor":{"_class":"color","alpha":1,"blue":1,"green":1,"red":1},"horizontalRulerData":{"_class":"rulerData","base":0,"guides":[]},"verticalRulerData":{"_class":"rulerData","base":0,"guides":[]}},{"_class":"artboard","do_objectID":"AC70D7C8-76CE-4C56-9FCC-F59168DBA3E5","booleanOperation":-1,"isFixedToViewport":false,"isFlippedHorizontal":false,"isFlippedVertical":false,"isLocked":false,"isVisible":true,"layerListExpandedType":0,"name":"iOS \/ Homescreen \/ 1.5 Landscape Coachmark \/ 1.4.4","nameIsFixed":false,"resizingConstraint":63,"resizingType":0,"rotation":0,"shouldBreakMaskChain":true,"exportOptions":{"_class":"exportOptions","includedLayerIds":[],"layerOptions":0,"shouldTrim":false,"exportFormats":[]},"frame":{"_class":"rect","constrainProportions":false,"height":375,"width":667,"x":424,"y":-1243},"clippingMaskMode":0,"hasClippingMask":false,"style":{"_class":"style","do_objectID":"3028A6A4-12DB-487A-956E-3BFE3D200D1E","endMarkerType":0,"miterLimit":10,"startMarkerType":0,"windingRule":1,"blur":{"_class":"blur","isEnabled":false,"center":"{0.5, 0.5}","motionAngle":0,"radius":10,"saturation":1,"type":0},"borderOptions":{"_class":"borderOptions","isEnabled":true,"dashPattern":[],"lineCapStyle":0,"lineJoinStyle":0},"borders":[],"colorControls":{"_class":"colorControls","isEnabled":false,"brightness":0,"contrast":1,"hue":0,"saturation":1},"contextSettings":{"_class":"graphicsContextSettings","blendMode":0,"opacity":1},"fills":[],"innerShadows":[],"shadows":[]},"hasClickThrough":true,"groupLayout":{"_class":"MSImmutableFreeformGroupLayout"},"layers":[{"_class":"bitmap","do_objectID":"A0AFDC0E-3333-469B-BEFD-29DC34D2AA66","booleanOperation":-1,"isFixedToViewport":false,"isFlippedHorizontal":false,"isFlippedVertical":false,"isLocked":false,"isVisible":true,"layerListExpandedType":0,"name":"0251_Retrospective_View_Coachmark","nameIsFixed":false,"resizingConstraint":63,"resizingType":0,"rotation":0,"shouldBreakMaskChain":false,"exportOptions":{"_class":"exportOptions","includedLayerIds":[],"layerOptions":0,"shouldTrim":false,"exportFormats":[]},"frame":{"_class":"rect","constrainProportions":true,"height":375,"width":666.6666666666666,"x":0.333333333330927,"y":0},"clippingMaskMode":0,"hasClippingMask":false,"style":{"_class":"style","do_objectID":"B68FC63C-FFB4-4D8B-97F5-FC7C922E3717","endMarkerType":0,"miterLimit":10,"startMarkerType":0,"windingRule":1,"blur":{"_class":"blur","isEnabled":false,"center":"{0.5, 0.5}","motionAngle":0,"radius":10,"saturation":1,"type":0},"borderOptions":{"_class":"borderOptions","isEnabled":true,"dashPattern":[],"lineCapStyle":0,"lineJoinStyle":0},"borders":[],"colorControls":{"_class":"colorControls","isEnabled":false,"brightness":0,"contrast":1,"hue":0,"saturation":1},"contextSettings":{"_class":"graphicsContextSettings","blendMode":0,"opacity":1},"fills":[],"innerShadows":[],"shadows":[]},"clippingMask":"{{0, 0}, {1, 1}}","fillReplacesImage":false,"image":{"_class":"MSJSONFileReference","_ref_class":"MSImageData","_ref":"images\/90f93bd6a656b76bf6537e358f33720ce1331f9e.png"},"intendedDPI":72}],"hasBackgroundColor":false,"includeBackgroundColorInExport":true,"includeInCloudUpload":true,"isFlowHome":false,"presetDictionary":{},"resizesContent":false,"backgroundColor":{"_class":"color","alpha":1,"blue":1,"green":1,"red":1},"horizontalRulerData":{"_class":"rulerData","base":0,"guides":[]},"verticalRulerData":{"_class":"rulerData","base":0,"guides":[]}}],"includeInCloudUpload":true,"horizontalRulerData":{"_class":"rulerData","base":0,"guides":[]},"verticalRulerData":{"_class":"rulerData","base":0,"guides":[]}}