{"_class":"document","do_objectID":"258E0F9E-EF64-48A8-8F13-2D9D755109C6","agreedToFontEmbedding":false,"autoEmbedFonts":false,"colorSpace":0,"currentPageIndex":0,"userInfo":{"com.abstractapp.sketchplugin.1685a5c9-5230-4d37-963c-5efa0f361065":{"metadata":{"projectName":"G6 1.6.3","branchName":"Master","version":2,"branchId":"master","fileId":"58c7fcd1-c15f-4de6-949d-59f8fc98b90e","baseSHA":"2f2297f30f685f501a8280ad939f12e670c3f245","fileTreeSha":"2779e61c7bf20fa437d997b66db1304b53be1492","abstractFileVersion":2,"readOnly":1,"fileTreeSHA":"2779e61c7bf20fa437d997b66db1304b53be1492","projectId":"46cafec0-776d-11e9-a07d-c7942ff12fe2","sha":"2f2297f30f685f501a8280ad939f12e670c3f245","name":"2.1 Homescreen Landscape"}},"com.invisionlabs.sync":{"metadata":"{\"hasSynced\":0,\"hasProjectIdChanged\":0,\"projectId\":0,\"publicLink\":\"\",\"resolution\":2,\"syncAll\":1}"}},"assets":{"_class":"assetCollection","do_objectID":"47476EF7-0435-492B-84BE-F32B4DF22BE8","images":[],"colorAssets":[],"exportPresets":[],"gradientAssets":[],"imageCollection":{"_class":"imageCollection","images":{}},"colors":[],"gradients":[]},"fontReferences":[],"foreignLayerStyles":[],"foreignSwatches":[],"foreignSymbols":[],"foreignTextStyles":[],"layerStyles":{"_class":"sharedStyleContainer","objects":[]},"layerSymbols":{"_class":"symbolContainer","objects":[]},"layerTextStyles":{"_class":"sharedTextStyleContainer","objects":[]},"pages":[{"_class":"MSJSONFileReference","_ref_class":"MSImmutablePage","_ref":"pages\/0EC89917-F949-4461-A7B3-32A5201FD2A2"}],"sharedSwatches":{"_class":"swatchContainer","objects":[]}}