{"commit":"d06f2f7bf433bc948c6f867ddfb87013f4871eb3","pagesAndArtboards":{"0EC89917-F949-4461-A7B3-32A5201FD2A2":{"name":"Homescreen Landscape","artboards":{"AC70D7C8-76CE-4C56-9FCC-F59168DBA3E5":{"name":"iOS \/ Homescreen \/ 1.5 Landscape Coachmark \/ 1.4.4"},"F0C73964-0EE9-435F-B596-D246AEE1C9D1":{"name":"iOS \/ Homescreen \/ 1.4 Landscape 1Hr Blank \/ 1.4.4"},"B8A2C5C9-826A-4B59-9A6B-E34C9E28171C":{"name":"iOS \/ Homescreen \/ 1.6 Landscape 24Hr Events \/ 1.4.4"},"99461D16-D73A-47D0-9448-E5AA5903790D":{"name":"iOS \/ Homescreen \/ 1.2 Landscape 6Hr Blank \/ 1.4.4"},"0EDED105-B9E7-4D74-A883-54570E40FB57":{"name":"iOS \/ Homescreen \/ 1.7 Landscape Multiple Events \/ 1.4.4"},"942CE27D-5B14-44AC-A41B-2242E4DFF0A7":{"name":"iOS \/ Homescreen \/ 1.1 Landscape 12Hr Blank \/ 1.4.4"},"327919AD-E002-449D-A01B-68C01A1D6FE1":{"name":"iOS \/ Homescreen \/ 1.3 Landscape 3Hr Blank \/ 1.4.4"},"6FCEA720-D3F5-4052-94BD-5FF75D3426B8":{"name":"iOS \/ Homescreen \/ 1.0 Landscape 24Hr Blank \/ 1.4.4"}}}},"version":130,"fonts":[],"compatibilityVersion":99,"app":"com.bohemiancoding.sketch3","autosaved":0,"variant":"NONAPPSTORE","created":{"commit":"d06f2f7bf433bc948c6f867ddfb87013f4871eb3","appVersion":"66.1","build":97080,"app":"com.bohemiancoding.sketch3","compatibilityVersion":99,"version":130,"variant":"NONAPPSTORE"},"saveHistory":["NONAPPSTORE.97080"],"appVersion":"66.1","build":97080}